node_id,x_m,y_m,z_m,local_length_m,local_width_m
31650,4836.1291342978,4733.2672885190,530.0000000000,-280.0000000000,-140.0000000000
31651,4837.8722491528,4753.1911824808,530.0000000000,-260.0000000000,-140.0000000000
31652,4839.6153640077,4773.1150764427,530.0000000000,-240.0000000000,-140.0000000000
31653,4841.3584788627,4793.0389704045,530.0000000000,-220.0000000000,-140.0000000000
31654,4843.1015937176,4812.9628643663,530.0000000000,-200.0000000000,-140.0000000000
31655,4844.8447085726,4832.8867583282,530.0000000000,-180.0000000000,-140.0000000000
31656,4846.5878234275,4852.8106522900,530.0000000000,-160.0000000000,-140.0000000000
31657,4848.3309382825,4872.7345462518,530.0000000000,-140.0000000000,-140.0000000000
31658,4850.0740531374,4892.6584402137,530.0000000000,-120.0000000000,-140.0000000000
31659,4851.8171679924,4912.5823341755,530.0000000000,-100.0000000000,-140.0000000000
31660,4853.5602828473,4932.5062281373,530.0000000000,-80.0000000000,-140.0000000000
31661,4855.3033977023,4952.4301220992,530.0000000000,-60.0000000000,-140.0000000000
31662,4857.0465125572,4972.3540160610,530.0000000000,-40.0000000000,-140.0000000000
31663,4858.7896274122,4992.2779100228,530.0000000000,-20.0000000000,-140.0000000000
31664,4860.5327422672,5012.2018039847,530.0000000000,0.0000000000,-140.0000000000
31665,4862.2758571221,5032.1256979465,530.0000000000,20.0000000000,-140.0000000000
31666,4864.0189719771,5052.0495919083,530.0000000000,40.0000000000,-140.0000000000
31667,4865.7620868320,5071.9734858702,530.0000000000,60.0000000000,-140.0000000000
31668,4867.5052016870,5091.8973798320,530.0000000000,80.0000000000,-140.0000000000
31669,4869.2483165419,5111.8212737938,530.0000000000,100.0000000000,-140.0000000000
31670,4870.9914313969,5131.7451677557,530.0000000000,120.0000000000,-140.0000000000
31671,4872.7345462518,5151.6690617175,530.0000000000,140.0000000000,-140.0000000000
31672,4874.4776611068,5171.5929556794,530.0000000000,160.0000000000,-140.0000000000
31673,4876.2207759617,5191.5168496412,530.0000000000,180.0000000000,-140.0000000000
31674,4877.9638908167,5211.4407436030,530.0000000000,200.0000000000,-140.0000000000
31675,4879.7070056716,5231.3646375649,530.0000000000,220.0000000000,-140.0000000000
31676,4881.4501205266,5251.2885315267,530.0000000000,240.0000000000,-140.0000000000
31677,4883.1932353815,5271.2124254885,530.0000000000,260.0000000000,-140.0000000000
31678,4884.9363502365,5291.1363194504,530.0000000000,280.0000000000,-140.0000000000
31707,4856.0530282596,4731.5241736640,530.0000000000,-280.0000000000,-120.0000000000
31708,4857.7961431146,4751.4480676259,530.0000000000,-260.0000000000,-120.0000000000
31709,4859.5392579696,4771.3719615877,530.0000000000,-240.0000000000,-120.0000000000
31710,4861.2823728245,4791.2958555495,530.0000000000,-220.0000000000,-120.0000000000
31711,4863.0254876795,4811.2197495114,530.0000000000,-200.0000000000,-120.0000000000
31712,4864.7686025344,4831.1436434732,530.0000000000,-180.0000000000,-120.0000000000
31713,4866.5117173894,4851.0675374350,530.0000000000,-160.0000000000,-120.0000000000
31714,4868.2548322443,4870.9914313969,530.0000000000,-140.0000000000,-120.0000000000
31715,4869.9979470993,4890.9153253587,530.0000000000,-120.0000000000,-120.0000000000
31716,4871.7410619542,4910.8392193205,530.0000000000,-100.0000000000,-120.0000000000
31717,4873.4841768092,4930.7631132824,530.0000000000,-80.0000000000,-120.0000000000
31718,4875.2272916641,4950.6870072442,530.0000000000,-60.0000000000,-120.0000000000
31719,4876.9704065191,4970.6109012060,530.0000000000,-40.0000000000,-120.0000000000
31720,4878.7135213740,4990.5347951679,530.0000000000,-20.0000000000,-120.0000000000
31721,4880.4566362290,5010.4586891297,530.0000000000,-0.0000000000,-120.0000000000
31722,4882.1997510839,5030.3825830916,530.0000000000,20.0000000000,-120.0000000000
31723,4883.9428659389,5050.3064770534,530.0000000000,40.0000000000,-120.0000000000
31724,4885.6859807938,5070.2303710152,530.0000000000,60.0000000000,-120.0000000000
31725,4887.4290956488,5090.1542649771,530.0000000000,80.0000000000,-120.0000000000
31726,4889.1722105038,5110.0781589389,530.0000000000,100.0000000000,-120.0000000000
31727,4890.9153253587,5130.0020529007,530.0000000000,120.0000000000,-120.0000000000
31728,4892.6584402137,5149.9259468626,530.0000000000,140.0000000000,-120.0000000000
31729,4894.4015550686,5169.8498408244,530.0000000000,160.0000000000,-120.0000000000
31730,4896.1446699236,5189.7737347862,530.0000000000,180.0000000000,-120.0000000000
31731,4897.8877847785,5209.6976287481,530.0000000000,200.0000000000,-120.0000000000
31732,4899.6308996335,5229.6215227099,530.0000000000,220.0000000000,-120.0000000000
31733,4901.3740144884,5249.5454166717,530.0000000000,240.0000000000,-120.0000000000
31734,4903.1171293434,5269.4693106336,530.0000000000,260.0000000000,-120.0000000000
31735,4904.8602441983,5289.3932045954,530.0000000000,280.0000000000,-120.0000000000
31764,4875.9769222215,4729.7810588091,530.0000000000,-280.0000000000,-100.0000000000
31765,4877.7200370764,4749.7049527709,530.0000000000,-260.0000000000,-100.0000000000
31766,4879.4631519314,4769.6288467327,530.0000000000,-240.0000000000,-100.0000000000
31767,4881.2062667863,4789.5527406946,530.0000000000,-220.0000000000,-100.0000000000
31768,4882.9493816413,4809.4766346564,530.0000000000,-200.0000000000,-100.0000000000
31769,4884.6924964962,4829.4005286183,530.0000000000,-180.0000000000,-100.0000000001
31770,4886.4356113512,4849.3244225801,530.0000000000,-160.0000000000,-100.0000000000
31771,4888.1787262062,4869.2483165419,530.0000000000,-140.0000000000,-100.0000000000
31772,4889.9218410611,4889.1722105038,530.0000000000,-120.0000000000,-100.0000000000
31773,4891.6649559161,4909.0961044656,530.0000000000,-100.0000000000,-100.0000000000
31774,4893.4080707710,4929.0199984274,530.0000000000,-80.0000000000,-100.0000000000
31775,4895.1511856260,4948.9438923893,530.0000000000,-60.0000000000,-100.0000000000
31776,4896.8943004809,4968.8677863511,530.0000000000,-40.0000000000,-100.0000000000
31777,4898.6374153359,4988.7916803129,530.0000000000,-20.0000000000,-100.0000000000
31778,4900.3805301908,5008.7155742748,530.0000000000,0.0000000000,-100.0000000000
31779,4902.1236450458,5028.6394682366,530.0000000000,20.0000000000,-100.0000000000
31780,4903.8667599007,5048.5633621984,530.0000000000,40.0000000000,-100.0000000000
31781,4905.6098747557,5068.4872561603,530.0000000000,60.0000000000,-100.0000000000
31782,4907.3529896106,5088.4111501221,530.0000000000,80.0000000000,-100.0000000000
31783,4909.0961044656,5108.3350440839,530.0000000000,100.0000000000,-100.0000000000
31784,4910.8392193205,5128.2589380458,530.0000000000,120.0000000000,-100.0000000000
31785,4912.5823341755,5148.1828320076,530.0000000000,140.0000000000,-100.0000000000
31786,4914.3254490305,5168.1067259694,530.0000000000,160.0000000000,-99.9999999999
31787,4916.0685638854,5188.0306199313,530.0000000000,180.0000000000,-100.0000000000
31788,4917.8116787404,5207.9545138931,530.0000000000,200.0000000000,-100.0000000000
31789,4919.5547935953,5227.8784078549,530.0000000000,219.9999999999,-100.0000000000
31790,4921.2979084503,5247.8023018168,530.0000000000,240.0000000000,-100.0000000000
31791,4923.0410233052,5267.7261957786,530.0000000000,260.0000000000,-100.0000000000
31792,4924.7841381602,5287.6500897405,530.0000000000,280.0000000000,-100.0000000000
31821,4895.9008161833,4728.0379439541,530.0000000000,-280.0000000000,-80.0000000000
31822,4897.6439310383,4747.9618379160,530.0000000000,-260.0000000000,-80.0000000000
31823,4899.3870458932,4767.8857318778,530.0000000000,-240.0000000000,-80.0000000000
31824,4901.1301607482,4787.8096258396,530.0000000000,-220.0000000000,-80.0000000000
31825,4902.8732756031,4807.7335198015,530.0000000000,-200.0000000000,-80.0000000000
31826,4904.6163904581,4827.6574137633,530.0000000000,-180.0000000000,-80.0000000000
31827,4906.3595053130,4847.5813077251,530.0000000000,-160.0000000000,-80.0000000000
31828,4908.1026201680,4867.5052016870,530.0000000000,-140.0000000000,-80.0000000000
31829,4909.8457350229,4887.4290956488,530.0000000000,-120.0000000000,-80.0000000000
31830,4911.5888498779,4907.3529896106,530.0000000000,-100.0000000000,-80.0000000000
31831,4913.3319647328,4927.2768835725,530.0000000000,-80.0000000000,-80.0000000001
31832,4915.0750795878,4947.2007775343,530.0000000000,-60.0000000000,-80.0000000000
31833,4916.8181944428,4967.1246714961,530.0000000000,-40.0000000000,-80.0000000000
31834,4918.5613092977,4987.0485654580,530.0000000000,-20.0000000000,-80.0000000000
31835,4920.3044241527,5006.9724594198,530.0000000000,-0.0000000000,-80.0000000000
31836,4922.0475390076,5026.8963533816,530.0000000000,20.0000000000,-80.0000000000
31837,4923.7906538626,5046.8202473435,530.0000000000,40.0000000000,-80.0000000000
31838,4925.5337687175,5066.7441413053,530.0000000000,60.0000000000,-80.0000000000
31839,4927.2768835725,5086.6680352672,530.0000000000,80.0000000001,-80.0000000000
31840,4929.0199984274,5106.5919292290,530.0000000000,100.0000000000,-80.0000000000
31841,4930.7631132824,5126.5158231908,530.0000000000,120.0000000000,-80.0000000000
31842,4932.5062281373,5146.4397171527,530.0000000000,140.0000000000,-80.0000000000
31843,4934.2493429923,5166.3636111145,530.0000000000,160.0000000000,-80.0000000000
31844,4935.9924578472,5186.2875050763,530.0000000000,180.0000000000,-80.0000000000
31845,4937.7355727022,5206.2113990382,530.0000000000,200.0000000000,-80.0000000000
31846,4939.4786875571,5226.1352930000,530.0000000000,220.0000000000,-80.0000000000
31847,4941.2218024121,5246.0591869618,530.0000000000,240.0000000000,-80.0000000000
31848,4942.9649172671,5265.9830809237,530.0000000000,260.0000000000,-80.0000000000
31849,4944.7080321220,5285.9069748855,530.0000000000,280.0000000000,-80.0000000000
31878,4915.8247101452,4726.2948290992,530.0000000000,-280.0000000000,-60.0000000000
31879,4917.5678250001,4746.2187230610,530.0000000000,-260.0000000000,-60.0000000000
31880,4919.3109398551,4766.1426170228,530.0000000000,-240.0000000000,-60.0000000000
31881,4921.0540547100,4786.0665109847,530.0000000000,-220.0000000000,-60.0000000000
31882,4922.7971695650,4805.9904049465,530.0000000000,-200.0000000000,-60.0000000000
31883,4924.5402844199,4825.9142989083,530.0000000000,-180.0000000000,-60.0000000000
31884,4926.2833992749,4845.8381928702,530.0000000000,-160.0000000000,-60.0000000000
31885,4928.0265141298,4865.7620868320,530.0000000000,-140.0000000000,-60.0000000000
31886,4929.7696289848,4885.6859807938,530.0000000000,-120.0000000000,-60.0000000000
31887,4931.5127438397,4905.6098747557,530.0000000000,-100.0000000000,-60.0000000000
31888,4933.2558586947,4925.5337687175,530.0000000000,-80.0000000000,-60.0000000000
31889,4934.9989735496,4945.4576626794,530.0000000000,-60.0000000000,-60.0000000000
31890,4936.7420884046,4965.3815566412,530.0000000000,-40.0000000000,-60.0000000000
31891,4938.4852032595,4985.3054506030,530.0000000000,-20.0000000000,-60.0000000000
31892,4940.2283181145,5005.2293445649,530.0000000000,0.0000000000,-60.0000000000
31893,4941.9714329694,5025.1532385267,530.0000000000,20.0000000000,-60.0000000000
31894,4943.7145478244,5045.0771324885,530.0000000000,40.0000000000,-60.0000000000
31895,4945.4576626794,5065.0010264504,530.0000000000,60.0000000000,-60.0000000000
31896,4947.2007775343,5084.9249204122,530.0000000000,80.0000000000,-60.0000000000
31897,4948.9438923893,5104.8488143740,530.0000000000,100.0000000000,-60.0000000000
31898,4950.6870072442,5124.7727083359,530.0000000000,120.0000000000,-60.0000000000
31899,4952.4301220992,5144.6966022977,530.0000000000,140.0000000000,-60.0000000000
31900,4954.1732369541,5164.6204962595,530.0000000000,160.0000000000,-60.0000000000
31901,4955.9163518091,5184.5443902214,530.0000000000,180.0000000000,-60.0000000000
31902,4957.6594666640,5204.4682841832,530.0000000000,200.0000000000,-60.0000000000
31903,4959.4025815190,5224.3921781450,530.0000000000,220.0000000000,-60.0000000000
31904,4961.1456963739,5244.3160721069,530.0000000000,240.0000000000,-60.0000000000
31905,4962.8888112289,5264.2399660687,530.0000000000,260.0000000000,-60.0000000000
31906,4964.6319260838,5284.1638600305,530.0000000000,279.9999999999,-60.0000000000
31935,4935.7486041070,4724.5517142442,530.0000000000,-280.0000000000,-40.0000000000
31936,4937.4917189619,4744.4756082061,530.0000000000,-260.0000000000,-40.0000000000
31937,4939.2348338169,4764.3995021679,530.0000000000,-240.0000000000,-40.0000000000
31938,4940.9779486718,4784.3233961297,530.0000000000,-220.0000000000,-40.0000000000
31939,4942.7210635268,4804.2472900916,530.0000000000,-200.0000000000,-40.0000000000
31940,4944.4641783818,4824.1711840534,530.0000000000,-180.0000000000,-40.0000000000
31941,4946.2072932367,4844.0950780152,530.0000000000,-160.0000000000,-40.0000000000
31942,4947.9504080917,4864.0189719771,530.0000000000,-140.0000000000,-40.0000000000
31943,4949.6935229466,4883.9428659389,530.0000000000,-120.0000000000,-40.0000000000
31944,4951.4366378016,4903.8667599007,530.0000000000,-100.0000000000,-40.0000000000
31945,4953.1797526565,4923.7906538626,530.0000000000,-80.0000000000,-40.0000000000
31946,4954.9228675115,4943.7145478244,530.0000000000,-60.0000000000,-40.0000000000
31947,4956.6659823664,4963.6384417862,530.0000000000,-40.0000000000,-40.0000000000
31948,4958.4090972214,4983.5623357481,530.0000000000,-20.0000000000,-40.0000000000
31949,4960.1522120763,5003.4862297099,530.0000000000,-0.0000000000,-40.0000000000
31950,4961.8953269313,5023.4101236717,530.0000000000,20.0000000000,-40.0000000000
31951,4963.6384417862,5043.3340176336,530.0000000000,40.0000000000,-40.0000000000
31952,4965.3815566412,5063.2579115954,530.0000000000,60.0000000000,-40.0000000000
31953,4967.1246714961,5083.1818055572,530.0000000000,80.0000000000,-40.0000000000
31954,4968.8677863511,5103.1056995191,530.0000000000,100.0000000000,-40.0000000000
31955,4970.6109012060,5123.0295934809,530.0000000000,120.0000000000,-40.0000000000
31956,4972.3540160610,5142.9534874428,530.0000000000,140.0000000000,-40.0000000000
31957,4974.0971309160,5162.8773814046,530.0000000000,160.0000000000,-40.0000000000
31958,4975.8402457709,5182.8012753664,530.0000000000,180.0000000000,-40.0000000000
31959,4977.5833606259,5202.7251693283,530.0000000000,200.0000000000,-40.0000000000
31960,4979.3264754808,5222.6490632901,530.0000000000,220.0000000000,-40.0000000000
31961,4981.0695903358,5242.5729572519,530.0000000000,240.0000000000,-40.0000000000
31962,4982.8127051907,5262.4968512138,530.0000000000,260.0000000000,-40.0000000000
31963,4984.5558200457,5282.4207451756,530.0000000000,280.0000000000,-40.0000000000
31992,4955.6724980688,4722.8085993893,530.0000000000,-280.0000000000,-20.0000000000
31993,4957.4156129238,4742.7324933511,530.0000000000,-260.0000000000,-20.0000000000
31994,4959.1587277787,4762.6563873129,530.0000000000,-240.0000000000,-20.0000000000
31995,4960.9018426337,4782.5802812748,530.0000000000,-220.0000000000,-20.0000000000
31996,4962.6449574886,4802.5041752366,530.0000000000,-200.0000000000,-20.0000000000
31997,4964.3880723436,4822.4280691984,530.0000000000,-180.0000000000,-20.0000000000
31998,4966.1311871985,4842.3519631603,530.0000000000,-160.0000000000,-20.0000000000
31999,4967.8743020535,4862.2758571221,530.0000000000,-140.0000000000,-20.0000000000
32000,4969.6174169084,4882.1997510839,530.0000000000,-120.0000000000,-20.0000000000
32001,4971.3605317634,4902.1236450458,530.0000000000,-100.0000000000,-20.0000000000
32002,4973.1036466184,4922.0475390076,530.0000000000,-80.0000000000,-20.0000000000
32003,4974.8467614733,4941.9714329694,530.0000000000,-60.0000000000,-20.0000000000
32004,4976.5898763283,4961.8953269313,530.0000000000,-40.0000000000,-20.0000000000
32005,4978.3329911832,4981.8192208931,530.0000000000,-20.0000000000,-20.0000000000
32006,4980.0761060382,5001.7431148550,530.0000000000,0.0000000001,-20.0000000000
32007,4981.8192208931,5021.6670088168,530.0000000000,20.0000000000,-20.0000000000
32008,4983.5623357481,5041.5909027786,530.0000000000,40.0000000000,-20.0000000000
32009,4985.3054506030,5061.5147967405,530.0000000000,60.0000000000,-20.0000000000
32010,4987.0485654580,5081.4386907023,530.0000000000,80.0000000000,-20.0000000000
32011,4988.7916803129,5101.3625846641,530.0000000000,100.0000000000,-20.0000000000
32012,4990.5347951679,5121.2864786260,530.0000000000,120.0000000000,-20.0000000000
32013,4992.2779100228,5141.2103725878,530.0000000000,140.0000000000,-20.0000000000
32014,4994.0210248778,5161.1342665496,530.0000000000,160.0000000000,-20.0000000000
32015,4995.7641397327,5181.0581605115,530.0000000000,180.0000000000,-20.0000000000
32016,4997.5072545877,5200.9820544733,530.0000000000,200.0000000000,-20.0000000000
32017,4999.2503694426,5220.9059484351,530.0000000000,220.0000000000,-20.0000000000
32018,5000.9934842976,5240.8298423970,530.0000000000,240.0000000000,-20.0000000000
32019,5002.7365991526,5260.7537363588,530.0000000000,260.0000000000,-20.0000000000
32020,5004.4797140075,5280.6776303206,530.0000000000,280.0000000000,-20.0000000000
32049,4975.5963920307,4721.0654845343,530.0000000000,-280.0000000000,0.0000000000
32050,4977.3395068856,4740.9893784961,530.0000000000,-260.0000000000,-0.0000000000
32051,4979.0826217406,4760.9132724580,530.0000000000,-240.0000000000,0.0000000000
32052,4980.8257365955,4780.8371664198,530.0000000000,-220.0000000000,-0.0000000000
32053,4982.5688514505,4800.7610603817,530.0000000000,-199.9999999999,0.0000000000
32054,4984.3119663054,4820.6849543435,530.0000000000,-180.0000000000,-0.0000000000
32055,4986.0550811604,4840.6088483053,530.0000000000,-160.0000000000,0.0000000000
32056,4987.7981960153,4860.5327422672,530.0000000000,-140.0000000000,-0.0000000000
32057,4989.5413108703,4880.4566362290,530.0000000000,-120.0000000000,0.0000000000
32058,4991.2844257252,4900.3805301908,530.0000000000,-100.0000000000,-0.0000000000
32059,4993.0275405802,4920.3044241527,530.0000000000,-80.0000000000,0.0000000000
32060,4994.7706554351,4940.2283181145,530.0000000000,-60.0000000000,-0.0000000000
32061,4996.5137702901,4960.1522120763,530.0000000000,-40.0000000000,0.0000000000
32062,4998.2568851450,4980.0761060382,530.0000000000,-20.0000000000,-0.0000000001
32063,5000.0000000000,5000.0000000000,530.0000000000,0.0000000000,0.0000000000
32064,5001.7431148550,5019.9238939618,530.0000000000,20.0000000000,0.0000000001
32065,5003.4862297099,5039.8477879237,530.0000000000,40.0000000000,-0.0000000000
32066,5005.2293445649,5059.7716818855,530.0000000000,60.0000000000,0.0000000000
32067,5006.9724594198,5079.6955758473,530.0000000000,80.0000000000,-0.0000000000
32068,5008.7155742748,5099.6194698092,530.0000000000,100.0000000000,0.0000000000
32069,5010.4586891297,5119.5433637710,530.0000000000,120.0000000000,-0.0000000000
32070,5012.2018039847,5139.4672577328,530.0000000000,140.0000000000,0.0000000000
32071,5013.9449188396,5159.3911516947,530.0000000000,160.0000000000,-0.0000000000
32072,5015.6880336946,5179.3150456565,530.0000000000,180.0000000000,0.0000000000
32073,5017.4311485495,5199.2389396183,530.0000000000,199.9999999999,-0.0000000000
32074,5019.1742634045,5219.1628335802,530.0000000000,220.0000000000,0.0000000000
32075,5020.9173782594,5239.0867275420,530.0000000000,240.0000000000,-0.0000000000
32076,5022.6604931144,5259.0106215039,530.0000000000,260.0000000000,0.0000000000
32077,5024.4036079693,5278.9345154657,530.0000000000,280.0000000000,-0.0000000000
32106,4995.5202859925,4719.3223696794,530.0000000000,-280.0000000000,20.0000000000
32107,4997.2634008474,4739.2462636412,530.0000000000,-260.0000000000,20.0000000000
32108,4999.0065157024,4759.1701576030,530.0000000000,-240.0000000000,20.0000000000
32109,5000.7496305574,4779.0940515649,530.0000000000,-220.0000000000,20.0000000000
32110,5002.4927454123,4799.0179455267,530.0000000000,-200.0000000000,20.0000000000
32111,5004.2358602673,4818.9418394885,530.0000000000,-180.0000000000,20.0000000000
32112,5005.9789751222,4838.8657334504,530.0000000000,-160.0000000000,20.0000000000
32113,5007.7220899772,4858.7896274122,530.0000000000,-140.0000000000,20.0000000000
32114,5009.4652048321,4878.7135213740,530.0000000000,-120.0000000000,20.0000000000
32115,5011.2083196871,4898.6374153359,530.0000000000,-100.0000000000,20.0000000000
32116,5012.9514345420,4918.5613092977,530.0000000000,-80.0000000000,20.0000000000
32117,5014.6945493970,4938.4852032595,530.0000000000,-60.0000000000,20.0000000000
32118,5016.4376642519,4958.4090972214,530.0000000000,-40.0000000000,20.0000000000
32119,5018.1807791069,4978.3329911832,530.0000000000,-20.0000000000,20.0000000000
32120,5019.9238939618,4998.2568851450,530.0000000000,-0.0000000001,20.0000000000
32121,5021.6670088168,5018.1807791069,530.0000000000,20.0000000000,20.0000000000
32122,5023.4101236717,5038.1046730687,530.0000000000,40.0000000000,20.0000000000
32123,5025.1532385267,5058.0285670306,530.0000000000,60.0000000000,20.0000000000
32124,5026.8963533816,5077.9524609924,530.0000000000,80.0000000000,20.0000000000
32125,5028.6394682366,5097.8763549542,530.0000000000,100.0000000000,20.0000000000
32126,5030.3825830916,5117.8002489161,530.0000000000,120.0000000000,20.0000000000
32127,5032.1256979465,5137.7241428779,530.0000000000,140.0000000000,20.0000000000
32128,5033.8688128015,5157.6480368397,530.0000000000,160.0000000000,20.0000000000
32129,5035.6119276564,5177.5719308016,530.0000000000,180.0000000000,20.0000000000
32130,5037.3550425114,5197.4958247634,530.0000000000,200.0000000000,20.0000000000
32131,5039.0981573663,5217.4197187252,530.0000000000,220.0000000000,20.0000000000
32132,5040.8412722213,5237.3436126871,530.0000000000,240.0000000000,20.0000000000
32133,5042.5843870762,5257.2675066489,530.0000000000,260.0000000000,20.0000000000
32134,5044.3275019312,5277.1914006107,530.0000000000,280.0000000000,20.0000000000
32163,5015.4441799543,4717.5792548244,530.0000000000,-280.0000000000,40.0000000000
32164,5017.1872948093,4737.5031487862,530.0000000000,-260.0000000000,40.0000000000
32165,5018.9304096642,4757.4270427481,530.0000000000,-240.0000000000,40.0000000000
32166,5020.6735245192,4777.3509367099,530.0000000000,-220.0000000000,40.0000000000
32167,5022.4166393741,4797.2748306717,530.0000000000,-200.0000000000,40.0000000000
32168,5024.1597542291,4817.1987246336,530.0000000000,-180.0000000000,40.0000000000
32169,5025.9028690840,4837.1226185954,530.0000000000,-160.0000000000,40.0000000000
32170,5027.6459839390,4857.0465125572,530.0000000000,-140.0000000000,40.0000000000
32171,5029.3890987940,4876.9704065191,530.0000000000,-120.0000000000,40.0000000000
32172,5031.1322136489,4896.8943004809,530.0000000000,-100.0000000000,40.0000000000
32173,5032.8753285039,4916.8181944428,530.0000000000,-80.0000000000,40.0000000000
32174,5034.6184433588,4936.7420884046,530.0000000000,-60.0000000000,40.0000000000
32175,5036.3615582138,4956.6659823664,530.0000000000,-40.0000000000,40.0000000000
32176,5038.1046730687,4976.5898763283,530.0000000000,-20.0000000000,40.0000000000
32177,5039.8477879237,4996.5137702901,530.0000000000,0.0000000000,40.0000000000
32178,5041.5909027786,5016.4376642519,530.0000000000,20.0000000000,40.0000000000
32179,5043.3340176336,5036.3615582138,530.0000000000,40.0000000000,40.0000000000
32180,5045.0771324885,5056.2854521756,530.0000000000,60.0000000000,40.0000000000
32181,5046.8202473435,5076.2093461374,530.0000000000,80.0000000000,40.0000000000
32182,5048.5633621984,5096.1332400993,530.0000000000,100.0000000000,40.0000000000
32183,5050.3064770534,5116.0571340611,530.0000000000,120.0000000000,40.0000000000
32184,5052.0495919083,5135.9810280229,530.0000000000,140.0000000000,40.0000000000
32185,5053.7927067633,5155.9049219848,530.0000000000,160.0000000000,40.0000000000
32186,5055.5358216182,5175.8288159466,530.0000000000,180.0000000000,40.0000000000
32187,5057.2789364732,5195.7527099084,530.0000000000,200.0000000000,40.0000000000
32188,5059.0220513282,5215.6766038703,530.0000000000,220.0000000000,40.0000000000
32189,5060.7651661831,5235.6004978321,530.0000000000,240.0000000000,40.0000000000
32190,5062.5082810381,5255.5243917939,530.0000000000,260.0000000000,40.0000000000
32191,5064.2513958930,5275.4482857558,530.0000000000,280.0000000000,40.0000000000
32220,5035.3680739162,4715.8361399695,530.0000000000,-279.9999999999,60.0000000000
32221,5037.1111887711,4735.7600339313,530.0000000000,-260.0000000000,60.0000000000
32222,5038.8543036261,4755.6839278931,530.0000000000,-240.0000000000,60.0000000000
32223,5040.5974184810,4775.6078218550,530.0000000000,-220.0000000000,60.0000000000
32224,5042.3405333360,4795.5317158168,530.0000000000,-200.0000000000,60.0000000000
32225,5044.0836481909,4815.4556097786,530.0000000000,-180.0000000000,60.0000000000
32226,5045.8267630459,4835.3795037405,530.0000000000,-160.0000000000,60.0000000000
32227,5047.5698779008,4855.3033977023,530.0000000000,-140.0000000000,60.0000000000
32228,5049.3129927558,4875.2272916641,530.0000000000,-120.0000000000,60.0000000000
32229,5051.0561076107,4895.1511856260,530.0000000000,-100.0000000000,60.0000000000
32230,5052.7992224657,4915.0750795878,530.0000000000,-80.0000000000,60.0000000000
32231,5054.5423373206,4934.9989735496,530.0000000000,-60.0000000000,60.0000000000
32232,5056.2854521756,4954.9228675115,530.0000000000,-40.0000000000,60.0000000000
32233,5058.0285670306,4974.8467614733,530.0000000000,-20.0000000000,60.0000000000
32234,5059.7716818855,4994.7706554351,530.0000000000,-0.0000000000,60.0000000000
32235,5061.5147967405,5014.6945493970,530.0000000000,20.0000000000,60.0000000000
32236,5063.2579115954,5034.6184433588,530.0000000000,40.0000000000,60.0000000000
32237,5065.0010264504,5054.5423373206,530.0000000000,60.0000000000,60.0000000000
32238,5066.7441413053,5074.4662312825,530.0000000000,80.0000000000,60.0000000000
32239,5068.4872561603,5094.3901252443,530.0000000000,100.0000000000,60.0000000000
32240,5070.2303710152,5114.3140192062,530.0000000000,120.0000000000,60.0000000000
32241,5071.9734858702,5134.2379131680,530.0000000000,140.0000000000,60.0000000000
32242,5073.7166007251,5154.1618071298,530.0000000000,160.0000000000,60.0000000000
32243,5075.4597155801,5174.0857010917,530.0000000000,180.0000000000,60.0000000000
32244,5077.2028304350,5194.0095950535,530.0000000000,200.0000000000,60.0000000000
32245,5078.9459452900,5213.9334890153,530.0000000000,220.0000000000,60.0000000000
32246,5080.6890601449,5233.8573829772,530.0000000000,240.0000000000,60.0000000000
32247,5082.4321749999,5253.7812769390,530.0000000000,260.0000000000,60.0000000000
32248,5084.1752898548,5273.7051709008,530.0000000000,280.0000000000,60.0000000000
32277,5055.2919678780,4714.0930251145,530.0000000000,-280.0000000000,80.0000000000
32278,5057.0350827329,4734.0169190763,530.0000000000,-260.0000000000,80.0000000000
32279,5058.7781975879,4753.9408130382,530.0000000000,-240.0000000000,80.0000000000
32280,5060.5213124429,4773.8647070000,530.0000000000,-220.0000000000,80.0000000000
32281,5062.2644272978,4793.7886009618,530.0000000000,-200.0000000000,80.0000000000
32282,5064.0075421528,4813.7124949237,530.0000000000,-180.0000000000,80.0000000000
32283,5065.7506570077,4833.6363888855,530.0000000000,-160.0000000000,80.0000000000
32284,5067.4937718627,4853.5602828473,530.0000000000,-140.0000000000,80.0000000000
32285,5069.2368867176,4873.4841768092,530.0000000000,-120.0000000000,80.0000000000
32286,5070.9800015726,4893.4080707710,530.0000000000,-100.0000000000,80.0000000000
32287,5072.7231164275,4913.3319647328,530.0000000000,-80.0000000001,80.0000000000
32288,5074.4662312825,4933.2558586947,530.0000000000,-60.0000000000,80.0000000000
32289,5076.2093461374,4953.1797526565,530.0000000000,-40.0000000000,80.0000000000
32290,5077.9524609924,4973.1036466184,530.0000000000,-20.0000000000,80.0000000000
32291,5079.6955758473,4993.0275405802,530.0000000000,0.0000000000,80.0000000000
32292,5081.4386907023,5012.9514345420,530.0000000000,20.0000000000,80.0000000000
32293,5083.1818055572,5032.8753285039,530.0000000000,40.0000000000,80.0000000000
32294,5084.9249204122,5052.7992224657,530.0000000000,60.0000000000,80.0000000000
32295,5086.6680352672,5072.7231164275,530.0000000000,80.0000000000,80.0000000001
32296,5088.4111501221,5092.6470103894,530.0000000000,100.0000000000,80.0000000000
32297,5090.1542649771,5112.5709043512,530.0000000000,120.0000000000,80.0000000000
32298,5091.8973798320,5132.4947983130,530.0000000000,140.0000000000,80.0000000000
32299,5093.6404946870,5152.4186922749,530.0000000000,160.0000000000,80.0000000000
32300,5095.3836095419,5172.3425862367,530.0000000000,180.0000000000,80.0000000000
32301,5097.1267243969,5192.2664801985,530.0000000000,200.0000000000,80.0000000000
32302,5098.8698392518,5212.1903741604,530.0000000000,220.0000000000,80.0000000000
32303,5100.6129541068,5232.1142681222,530.0000000000,240.0000000000,80.0000000000
32304,5102.3560689617,5252.0381620840,530.0000000000,260.0000000000,80.0000000000
32305,5104.0991838167,5271.9620560459,530.0000000000,280.0000000000,80.0000000000
32334,5075.2158618398,4712.3499102595,530.0000000000,-280.0000000000,100.0000000000
32335,5076.9589766948,4732.2738042214,530.0000000000,-260.0000000000,100.0000000000
32336,5078.7020915497,4752.1976981832,530.0000000000,-240.0000000000,100.0000000000
32337,5080.4452064047,4772.1215921451,530.0000000000,-219.9999999999,100.0000000000
32338,5082.1883212596,4792.0454861069,530.0000000000,-200.0000000000,100.0000000000
32339,5083.9314361146,4811.9693800687,530.0000000000,-180.0000000000,100.0000000000
32340,5085.6745509695,4831.8932740306,530.0000000000,-160.0000000000,99.9999999999
32341,5087.4176658245,4851.8171679924,530.0000000000,-140.0000000000,100.0000000000
32342,5089.1607806795,4871.7410619542,530.0000000000,-120.0000000000,100.0000000000
32343,5090.9038955344,4891.6649559161,530.0000000000,-100.0000000000,100.0000000000
32344,5092.6470103894,4911.5888498779,530.0000000000,-80.0000000000,100.0000000000
32345,5094.3901252443,4931.5127438397,530.0000000000,-60.0000000000,100.0000000000
32346,5096.1332400993,4951.4366378016,530.0000000000,-40.0000000000,100.0000000000
32347,5097.8763549542,4971.3605317634,530.0000000000,-20.0000000000,100.0000000000
32348,5099.6194698092,4991.2844257252,530.0000000000,-0.0000000000,100.0000000000
32349,5101.3625846641,5011.2083196871,530.0000000000,20.0000000000,100.0000000000
32350,5103.1056995191,5031.1322136489,530.0000000000,40.0000000000,100.0000000000
32351,5104.8488143740,5051.0561076107,530.0000000000,60.0000000000,100.0000000000
32352,5106.5919292290,5070.9800015726,530.0000000000,80.0000000000,100.0000000000
32353,5108.3350440839,5090.9038955344,530.0000000000,100.0000000000,100.0000000000
32354,5110.0781589389,5110.8277894962,530.0000000000,120.0000000000,100.0000000000
32355,5111.8212737938,5130.7516834581,530.0000000000,140.0000000000,100.0000000000
32356,5113.5643886488,5150.6755774199,530.0000000000,160.0000000000,100.0000000000
32357,5115.3075035038,5170.5994713817,530.0000000000,180.0000000000,100.0000000001
32358,5117.0506183587,5190.5233653436,530.0000000000,200.0000000000,100.0000000000
32359,5118.7937332137,5210.4472593054,530.0000000000,220.0000000000,100.0000000000
32360,5120.5368480686,5230.3711532673,530.0000000000,240.0000000000,100.0000000000
32361,5122.2799629236,5250.2950472291,530.0000000000,260.0000000000,100.0000000000
32362,5124.0230777785,5270.2189411909,530.0000000000,280.0000000000,100.0000000000
32391,5095.1397558017,4710.6067954046,530.0000000000,-280.0000000000,120.0000000000
32392,5096.8828706566,4730.5306893664,530.0000000000,-260.0000000000,120.0000000000
32393,5098.6259855116,4750.4545833283,530.0000000000,-240.0000000000,120.0000000000
32394,5100.3691003665,4770.3784772901,530.0000000000,-220.0000000000,120.0000000000
32395,5102.1122152215,4790.3023712519,530.0000000000,-200.0000000000,120.0000000000
32396,5103.8553300764,4810.2262652138,530.0000000000,-180.0000000000,120.0000000000
32397,5105.5984449314,4830.1501591756,530.0000000000,-160.0000000000,120.0000000000
32398,5107.3415597863,4850.0740531374,530.0000000000,-140.0000000000,120.0000000000
32399,5109.0846746413,4869.9979470993,530.0000000000,-120.0000000000,120.0000000000
32400,5110.8277894962,4889.9218410611,530.0000000000,-100.0000000000,120.0000000000
32401,5112.5709043512,4909.8457350229,530.0000000000,-80.0000000000,120.0000000000
32402,5114.3140192062,4929.7696289848,530.0000000000,-60.0000000000,120.0000000000
32403,5116.0571340611,4949.6935229466,530.0000000000,-40.0000000000,120.0000000000
32404,5117.8002489161,4969.6174169084,530.0000000000,-20.0000000000,120.0000000000
32405,5119.5433637710,4989.5413108703,530.0000000000,0.0000000000,120.0000000000
32406,5121.2864786260,5009.4652048321,530.0000000000,20.0000000000,120.0000000000
32407,5123.0295934809,5029.3890987940,530.0000000000,40.0000000000,120.0000000000
32408,5124.7727083359,5049.3129927558,530.0000000000,60.0000000000,120.0000000000
32409,5126.5158231908,5069.2368867176,530.0000000000,80.0000000000,120.0000000000
32410,5128.2589380458,5089.1607806795,530.0000000000,100.0000000000,120.0000000000
32411,5130.0020529007,5109.0846746413,530.0000000000,120.0000000000,120.0000000000
32412,5131.7451677557,5129.0085686031,530.0000000000,140.0000000000,120.0000000000
32413,5133.4882826106,5148.9324625650,530.0000000000,160.0000000000,120.0000000000
32414,5135.2313974656,5168.8563565268,530.0000000000,180.0000000000,120.0000000000
32415,5136.9745123205,5188.7802504886,530.0000000000,200.0000000000,120.0000000000
32416,5138.7176271755,5208.7041444505,530.0000000000,220.0000000000,120.0000000000
32417,5140.4607420304,5228.6280384123,530.0000000000,240.0000000000,120.0000000000
32418,5142.2038568854,5248.5519323741,530.0000000000,260.0000000000,120.0000000000
32419,5143.9469717404,5268.4758263360,530.0000000000,280.0000000000,120.0000000000
32448,5115.0636497635,4708.8636805496,530.0000000000,-280.0000000000,140.0000000000
32449,5116.8067646185,4728.7875745115,530.0000000000,-260.0000000000,140.0000000000
32450,5118.5498794734,4748.7114684733,530.0000000000,-240.0000000000,140.0000000000
32451,5120.2929943284,4768.6353624351,530.0000000000,-220.0000000000,140.0000000000
32452,5122.0361091833,4788.5592563970,530.0000000000,-200.0000000000,140.0000000000
32453,5123.7792240383,4808.4831503588,530.0000000000,-180.0000000000,140.0000000000
32454,5125.5223388932,4828.4070443206,530.0000000000,-160.0000000000,140.0000000000
32455,5127.2654537482,4848.3309382825,530.0000000000,-140.0000000000,140.0000000000
32456,5129.0085686031,4868.2548322443,530.0000000000,-120.0000000000,140.0000000000
32457,5130.7516834581,4888.1787262062,530.0000000000,-100.0000000000,140.0000000000
32458,5132.4947983130,4908.1026201680,530.0000000000,-80.0000000000,140.0000000000
32459,5134.2379131680,4928.0265141298,530.0000000000,-60.0000000000,140.0000000000
32460,5135.9810280229,4947.9504080917,530.0000000000,-40.0000000000,140.0000000000
32461,5137.7241428779,4967.8743020535,530.0000000000,-20.0000000000,140.0000000000
32462,5139.4672577328,4987.7981960153,530.0000000000,-0.0000000000,140.0000000000
32463,5141.2103725878,5007.7220899772,530.0000000000,20.0000000000,140.0000000000
32464,5142.9534874428,5027.6459839390,530.0000000000,40.0000000000,140.0000000000
32465,5144.6966022977,5047.5698779008,530.0000000000,60.0000000000,140.0000000000
32466,5146.4397171527,5067.4937718627,530.0000000000,80.0000000000,140.0000000000
32467,5148.1828320076,5087.4176658245,530.0000000000,100.0000000000,140.0000000000
32468,5149.9259468626,5107.3415597863,530.0000000000,120.0000000000,140.0000000000
32469,5151.6690617175,5127.2654537482,530.0000000000,140.0000000000,140.0000000000
32470,5153.4121765725,5147.1893477100,530.0000000000,160.0000000000,140.0000000000
32471,5155.1552914274,5167.1132416718,530.0000000000,180.0000000000,140.0000000000
32472,5156.8984062824,5187.0371356337,530.0000000000,200.0000000000,140.0000000000
32473,5158.6415211373,5206.9610295955,530.0000000000,220.0000000000,140.0000000000
32474,5160.3846359923,5226.8849235573,530.0000000000,240.0000000000,140.0000000000
32475,5162.1277508472,5246.8088175192,530.0000000000,260.0000000000,140.0000000000
32476,5163.8708657022,5266.7327114810,530.0000000000,280.0000000000,140.0000000000
